{
    "type": "application",
    "source-directories": [
        "src/elm"
    ],
    "elm-version": "0.19.0",
    "dependencies": {
        "direct": {
            "avh4/elm-color": "1.0.0",
            "debois/elm-dom": "1.3.0",
            "elm/browser": "1.0.1",
            "elm/core": "1.0.0",
            "elm/html": "1.0.0",
            "elm/json": "1.0.0",
            "elm/time": "1.0.0",
            "elm-explorations/linear-algebra": "1.0.3",
            "elm-explorations/webgl": "1.0.1",
            "mdgriffith/elm-ui": "1.1.0",
            "mpizenberg/elm-pointer-events": "3.1.0"
        },
        "indirect": {
            "elm/url": "1.0.0",
            "elm/virtual-dom": "1.0.2"
        }
    },
    "test-dependencies": {
        "direct": {},
        "indirect": {}
    }
}